"","X1","X2","y"
"1",1.29771982236671,0.805921219653461,0.298968300086162
"2",1.26732347867761,0.79903410494454,0.318133656148967
"3",1.2368816863588,0.792169295584489,0.337201487124906
"4",1.20631735595688,0.78529634639396,0.356121028836285
"5",1.17555339801844,0.778384812193603,0.37484151710541
"6",1.14451272309006,0.771404247804069,0.393312187754587
"7",1.11311824171834,0.764324208046009,0.411482276606121
"8",1.08130534436514,0.7571091327473,0.429303819124191
"9",1.04905934115352,0.749703001764724,0.446740049340463
"10",1.0163780221218,0.742044679962292,0.463757000928478
"11",0.98325917730831,0.734073032204015,0.480320707561775
"12",0.949700596751381,0.725726923353901,0.496397202913894
"13",0.915700070489343,0.716945218275961,0.511952520658375
"14",0.881255388560526,0.707666781834204,0.526952694468757
"15",0.846362396003719,0.697840937406579,0.541348353905625
"16",0.811009157859547,0.687458842426784,0.555028512077745
"17",0.775181794169093,0.676522112842454,0.56786677798093
"18",0.738866424973443,0.665032364601227,0.579736760610992
"19",0.70204917031368,0.652991213650739,0.590512068963742
"20",0.664716150230888,0.640400275938626,0.600066312034992
"21",0.626853484766152,0.627261167412524,0.608273098820554
"22",0.588467882506167,0.613568136506,0.615026656755981
"23",0.549648406220081,0.59928596159634,0.620303687035785
"24",0.510504707222651,0.58437205354676,0.624101509294223
"25",0.471146436828635,0.568783823220479,0.626417443165546
"26",0.431683246352793,0.552478681480712,0.627248808284011
"27",0.392224787109882,0.535414039190677,0.626592924283871
"28",0.35288071041466,0.517547307213589,0.62444711079938
"29",0.313767222764832,0.498855645489437,0.620824937889245
"30",0.275026751389874,0.479395210265288,0.615804977309981
"31",0.236808278702212,0.459241906864981,0.609482051242555
"32",0.199260787114267,0.438471640612355,0.601950981867934
"33",0.162533259038464,0.417160316831249,0.593306591367086
"34",0.126774676887226,0.395383840845501,0.583643701920979
"35",0.0921340230729756,0.373218117978951,0.573057135710579
"36",0.0587370042808859,0.35075763831881,0.561669070422049
"37",0.0266162242871252,0.328171231005787,0.549711105762329
"38",-0.00421898885938884,0.305646309943962,0.537442196943553
"39",-0.0337593071097386,0.283370289037416,0.525121299177857
"40",-0.0619954024150062,0.261530582190232,0.513007367677375
"41",-0.0889179467262739,0.240314603306489,0.501359357654242
"42",-0.114517611994624,0.21990976629027,0.490436224320593
"43",-0.138796399489477,0.200490107896337,0.480471012677635
"44",-0.161801627753598,0.182176156282183,0.471593126882865
"45",-0.183591944648092,0.165075062455984,0.463906060882852
"46",-0.204225998034064,0.149293977425913,0.457513308624166
"47",-0.223762435772618,0.134940052200146,0.452518364053375
"48",-0.242259905724857,0.122120437786857,0.449024721117049
"49",-0.259777055751886,0.110942285194221,0.447135873761757
"50",-0.276359686252732,0.101503442008384,0.446934898668743
"51",-0.29200220777812,0.0938645421273723,0.448423203457952
"52",-0.306686183416694,0.0880769160271838,0.451581778484004
"53",-0.320393176257102,0.0841918941838163,0.456391614101519
"54",-0.33310474938799,0.0822608070732674,0.462833700665117
"55",-0.344802465898006,0.0823349851715349,0.470889028529417
"56",-0.355467888875794,0.0844657589546165,0.480538588049039
"57",-0.365084140433695,0.0886587558136329,0.491753113963877
"58",-0.373640578778822,0.0947367908001975,0.50446231855492
"59",-0.381128121141982,0.102476975881047,0.518585658488428
"60",-0.387537684753981,0.111656423022917,0.534042590430664
"61",-0.392860186845624,0.122052244192545,0.550752571047889
"62",-0.397086544647719,0.133441551356666,0.568635057006366
"63",-0.400207675391071,0.145601456482018,0.587609504972356
"64",-0.402207083907183,0.158303624491639,0.6075892878582
"65",-0.403038625430337,0.171297932133779,0.628463443560554
"66",-0.402648742795511,0.184328809112991,0.650114926222155
"67",-0.400983878837683,0.197140685133826,0.672426689985737
"68",-0.397990476391833,0.209477989900836,0.695281688994037
"69",-0.393614978292938,0.221085153118575,0.718562877389789
"70",-0.387803827375976,0.231706604491594,0.74215320931573
"71",-0.380524246746213,0.241113653258254,0.765934459731467
"72",-0.371826580590064,0.24918512679215,0.789783686864101
"73",-0.361781953364232,0.255826732000689,0.813576769757604
"74",-0.350461489525418,0.260944175791272,0.837189587455951
"75",-0.337936313530326,0.264443165071306,0.860498019003113
"76",-0.324277549835658,0.266229406748194,0.883377943443064
"77",-0.309556322898115,0.266208607729341,0.905705239819777
"78",-0.293825228854798,0.264322269674931,0.927359956736074
"79",-0.27706275056439,0.26065507325627,0.948238821030177
"80",-0.259228842565969,0.255327493897445,0.968242729099156
"81",-0.240283459398618,0.248460007022542,0.987272577340082
"82",-0.220186555601414,0.240173088055647,1.00522926215003
"83",-0.198898085713439,0.230587212420848,1.02201367992606
"84",-0.176378004273772,0.219822855542229,1.03752672706525
"85",-0.152608638985305,0.208023530233554,1.05169437158815
"86",-0.127661810206181,0.19542489886729,1.06454286800918
"87",-0.101631711458351,0.182285661205579,1.07612354246625
"88",-0.0746125362637717,0.168864517010567,1.08648772109726
"89",-0.0466984781443945,0.155420166044395,1.09568673004013
"90",-0.0179837306221738,0.142211308069208,1.10377189543275
"91",0.0114375127809361,0.129496642847149,1.11079454341304
"92",0.0414746896431921,0.117503837412872,1.11680857033958
"93",0.0720517619436881,0.106336427891071,1.12187815345377
"94",0.103096322761728,0.0960669176789525,1.12607004021768
"95",0.134535965176616,0.0867678101737217,1.12945097809338
"96",0.166298282267657,0.0785116087725843,1.13208771454294
"97",0.198310867114154,0.0713708168727456,1.13404699702845
"98",0.230501312795411,0.0654179378714112,1.13539557301198
"99",0.262782856304513,0.0607069887986156,1.13617417247479
"100",0.295011310289662,0.0572180412157093,1.1363194554749
"101",0.327028131312842,0.0549126803168719,1.13574206458952
"102",0.358674775936034,0.053752491296283,1.13435264239585
"103",0.389792700721223,0.053699059348122,1.1320618314711
"104",0.420223362230392,0.0547139696665686,1.12878027439247
"105",0.449808217025523,0.0567588074458023,1.12441861373718
"106",0.478400922792863,0.059798919835255,1.11890602481261
"107",0.505903941715716,0.0638147018053682,1.11224581384696
"108",0.53223193710165,0.0687903102818359,1.10445981979858
"109",0.557299572258233,0.0747099021903517,1.09556988162586
"110",0.581021510493032,0.0815576344566096,1.08559783828716
"111",0.603312415113616,0.0893176640063035,1.07456552874085
"112",0.624086949427552,0.0979741477651272,1.0624947919453
"113",0.643268342964512,0.107498603444498,1.04941146693084
"114",0.660814090142588,0.117811991898728,1.03535739301558
"115",0.676690251601973,0.12882263476785,1.0203784095896
"116",0.690862887982865,0.140438853691901,1.00452035604298
"117",0.703298059925457,0.152568970310916,0.987829071765785
"118",0.713961828069944,0.165121306264928,0.970350396148087
"119",0.722820253056522,0.178004183193973,0.952130168579962
"120",0.729864899348108,0.191126834681152,0.933190819504853
"121",0.735189346698501,0.204402142081831,0.913461143579694
"122",0.738912678684223,0.217743898694439,0.892846526514791
"123",0.741153978881796,0.23106589781741,0.871252354020448
"124",0.742032330867742,0.244281932749173,0.848584011806971
"125",0.741666818218583,0.257305796788162,0.824746885584666
"126",0.740176524510839,0.270051283232805,0.799646361063836
"127",0.737661407504806,0.282444454136344,0.773226834299932
"128",0.734144921695866,0.294460446571254,0.745588742728962
"129",0.729631395763176,0.306086666364816,0.716871534132083
"130",0.724125158385891,0.317310519344313,0.687214656290449
"131",0.717630538243167,0.328119411337028,0.656757556985214
"132",0.710151864014161,0.338500748170244,0.625639683997534
"133",0.701693464378027,0.348441935671244,0.59400048510856
"134",0.69225910070094,0.357938264972805,0.561999491627845
"135",0.681850265097146,0.367016568429688,0.529876568978523
"136",0.670467882367907,0.375711563702146,0.497891666112126
"137",0.658112877314487,0.384057968450436,0.466304731980183
"138",0.64478617473815,0.39209050033481,0.435375715534227
"139",0.630488699440159,0.399843877015524,0.405364565725787
"140",0.615221376221777,0.407352816152834,0.376531231506395
"141",0.598996099057056,0.414645461967686,0.349103449578866
"142",0.581868638611198,0.4217236649238,0.323180107651159
"143",0.563905734722191,0.428582702045589,0.298827881182516
"144",0.545174127228026,0.435217850357466,0.276113445632178
"145",0.525740555966692,0.441624386883843,0.255103476459388
"146",0.505671760776177,0.447797588649133,0.235864649123388
"147",0.485034481494472,0.453732732677749,0.218463639083422
"148",0.463889934893214,0.459422878505389,0.202950478961537
"149",0.442277245478622,0.464852215712901,0.189308630031011
"150",0.420230014690568,0.470002716392416,0.177504910727929
"151",0.39778184396892,0.474856352636068,0.167506139488373
"152",0.374966334753546,0.479395096535988,0.159279134748429
"153",0.351817088484316,0.48360092018431,0.15279071494418
"154",0.328367706601099,0.487455795673166,0.148007698511711
"155",0.304658052666107,0.49092810910523,0.144887621487184
"156",0.280753038730928,0.493931902625341,0.143350890307084
"157",0.256723838969494,0.496367632388879,0.143308629007973
"158",0.232641627555736,0.498135754551225,0.144671961626416
"159",0.208577578663586,0.499136725267758,0.147352012198974
"160",0.184602866466975,0.499271000693858,0.15125990476221
"161",0.160788665139835,0.498439036984907,0.156306763352689
"162",0.137210950289329,0.496562539285187,0.162405606624772
"163",0.113964903255549,0.493648208694597,0.169477031704013
"164",0.0911505068118168,0.48972399530194,0.177443530333766
"165",0.0688677437314549,0.484817849196017,0.186227594257385
"166",0.0472165967877865,0.478957720465629,0.195751715218224
"167",0.0262970487541344,0.472171559199581,0.205938384959636
"168",0.00620908240382128,0.464487315486672,0.216710095224975
"169",-0.0129477082775878,0.455939482208422,0.227994466820286
"170",-0.0310752844555586,0.446588723417209,0.239739636802388
"171",-0.048075996083316,0.436502245958127,0.251898871290789
"172",-0.0638521931140834,0.425747256676272,0.264425436405001
"173",-0.0783062255010847,0.414390962416738,0.277272598264533
"174",-0.0913404431975438,0.40250057002462,0.290393622988894
"175",-0.102857196156684,0.390143286345014,0.303741776697595
"176",-0.112766533906069,0.377384774404264,0.317257586176044
"177",-0.121009304270612,0.364284521953726,0.330830620873245
"178",-0.127534054649565,0.350900472926004,0.3443377109041
"179",-0.132289332442181,0.337290571253706,0.357655686383512
"180",-0.135223685047712,0.323512760869438,0.370661377426382
"181",-0.136285659865411,0.309624985705804,0.383231614147613
"182",-0.13542380429453,0.295685189695411,0.395243226662108
"183",-0.132609273380564,0.281729687292767,0.406586198278278
"184",-0.127903652753985,0.267708275039988,0.417203125078574
"185",-0.121391135691505,0.253549120001094,0.427049756338954
"186",-0.113155915469838,0.239180389240103,0.43608184133538
"187",-0.103282185365698,0.224530249821033,0.444255129343811
"188",-0.0918541386557985,0.209526868807904,0.451525369640207
"189",-0.0789559686168531,0.194098413264734,0.457848311500527
"190",-0.0646707042550076,0.178189446224785,0.463189642995694
"191",-0.049076717494138,0.161810114598287,0.467554807376478
"192",-0.0322512159875509,0.144986961264712,0.470959186688613
"193",-0.0142714073885546,0.127746529103536,0.473418162977832
"194",0.00478550064954329,0.11011536099423,0.474947118289867
"195",0.0248423004734351,0.0921199998162687,0.475561434670451
"196",0.0458217844298126,0.0737869884491251,0.475276494165318
"197",0.0676358343680564,0.0551442266325158,0.474110823965963
"198",0.0901526901482941,0.036225041547136,0.472095531846929
"199",0.113229681133341,0.0170641172339246,0.469264870728523
"200",0.136724136686012,-0.0023038622661796,0.46565309353105
"201",0.160493386169124,-0.0218442129122377,0.461294453174816
"202",0.18439475894549,-0.0415222506633102,0.456223202580129
"203",0.208285584377927,-0.0613032914784594,0.450473594667292
"204",0.232030340453718,-0.0811479211428597,0.444067928725866
"205",0.255522099658017,-0.100997804746142,0.43698068952242
"206",0.278661083100446,-0.12078987720405,0.42917440819278
"207",0.301347511890626,-0.140461073432329,0.42061161587277
"208",0.323481607138181,-0.159948328346723,0.411254843698212
"209",0.344963589952733,-0.179188576862977,0.40106662280493
"210",0.365693681443902,-0.198118753896835,0.39000948432875
"211",0.385582062099316,-0.216673898431148,0.378064388279285
"212",0.404578749918612,-0.23478146571719,0.365286010161314
"213",0.422643722279433,-0.25236701507334,0.351747454353404
"214",0.439736956559423,-0.269356105817981,0.337521825234125
"215",0.455818430136222,-0.285674297269492,0.322682227182044
"216",0.470848120387474,-0.301247148746253,0.307301764575732
"217",0.484786004690822,-0.316000219566645,0.291453541793755
"218",0.49759436301716,-0.3298693068151,0.275210835856883
"219",0.509244685710403,-0.342831158640268,0.25864761435468
"220",0.519710765707718,-0.354872760956846,0.241838017518911
"221",0.528966395946269,-0.365981099679536,0.224856185581343
"222",0.536985369363225,-0.376143160723037,0.207776258773739
"223",0.543741478895752,-0.38534593000205,0.190672377327866
"224",0.549208517481016,-0.393576393431275,0.173618681475486
"225",0.553384215390278,-0.400814335440852,0.156696413512187
"226",0.556362052231173,-0.407010734522681,0.140015223988832
"227",0.558259444945429,-0.412109367684105,0.123691865520108
"228",0.559193810474775,-0.416054011932464,0.1078430907207
"229",0.559282565760941,-0.418788444275099,0.0925856522052931
"230",0.558643127745654,-0.42025644171935,0.078036302588572
"231",0.557392913370643,-0.420401781272559,0.0643117944852225
"232",0.555635299947721,-0.419178938203237,0.0515237635133613
"233",0.553417506269032,-0.416585180824571,0.0397633773048307
"234",0.550772711496803,-0.412628475710921,0.0291166864949047
"235",0.547734094793263,-0.407316789436644,0.0196697417188566
"236",0.544334835320639,-0.400658088576098,0.0115085936119604
"237",0.540608112241158,-0.392660339703642,0.0047192928094897
"238",0.536587104717049,-0.383331509393634,-0.000612110053281586
"239",0.532294420984101,-0.372677106884228,-0.00439857294761328
"240",0.527710385572348,-0.360692812068757,-0.00654908827089981
"241",0.522804752085386,-0.347371847504351,-0.00697165702706885
"242",0.517547274126812,-0.332707435748139,-0.00557428022004821
"243",0.511907705300222,-0.316692799357251,-0.00226495885376571
"244",0.505855799209212,-0.299321160888817,0.00304830606785085
"245",0.499361309457378,-0.280585742899966,0.0104575135408734
"246",0.492419153940386,-0.260481125562206,0.0200315867161863
"247",0.48512490772218,-0.239007319504565,0.03174714536392
"248",0.477599310158776,-0.216165692970449,0.0455577334090168
"249",0.469963100606188,-0.191957614203266,0.0614168947764191
"250",0.46233701842043,-0.166384451446422,0.0792781733910688
"251",0.454841802957517,-0.139447572943321,0.0990951131779097
"252",0.447598193573463,-0.111148346937374,0.120821258061882
"253",0.440716200230933,-0.0815047838646316,0.144397008303896
"254",0.43426291531919,-0.050601462931729,0.169710189508727
"255",0.428294701834145,-0.0185396055379533,0.196635483617115
"256",0.422867922771713,0.0145795669174158,0.225047572569803
"257",0.418038941127806,0.0486548330350913,0.25482113830753
"258",0.413864119898336,0.0835849714157916,0.285830862771039
"259",0.410399822079216,0.119268760660235,0.317951427901074
"260",0.40770473147624,0.155594685109006,0.351046270734121
"261",0.405846815134725,0.192410052062177,0.384933848689679
"262",0.404896360909871,0.229551874559685,0.419421374282988
"263",0.404923656656875,0.266857165641471,0.454316060029294
"264",0.405998990230936,0.304162938347479,0.489425118443843
"265",0.408192649487253,0.341306205717644,0.524555762041874
"266",0.411574922281025,0.378123980791911,0.559515203338636
"267",0.416191353883193,0.414458116466977,0.594134406774274
"268",0.42198851922768,0.4501698250666,0.628339344488561
"269",0.428888250664151,0.48512515877129,0.662079740546167
"270",0.436812380542269,0.519190169761563,0.695305319011767
"271",0.445682741211703,0.552230910217934,0.727965803950038
"272",0.455421165022115,0.584113432320915,0.76001091942565
"273",0.465949484323172,0.614703788251024,0.79139038950328
"274",0.477169442051979,0.643869330730817,0.82204887466856
"275",0.488902423495405,0.671482614651038,0.851910781090978
"276",0.500949724527759,0.697417495444476,0.880895451360979
"277",0.513112641023351,0.721547828543918,0.908922228069008
"278",0.52519246885649,0.743747469382153,0.935910453805512
"279",0.536990503901485,0.763890273391967,0.961779471160935
"280",0.548308042032644,0.781850096006149,0.986448622725724
"281",0.558981986133881,0.797527718567368,1.00982542322864
"282",0.568991667127515,0.810931626057806,1.03177007595166
"283",0.57835202294547,0.822097229369526,1.0521309563151
"284",0.587077991519669,0.831059939394591,1.07075643973926
"285",0.595184510782035,0.837855167025065,1.08749490164443
"286",0.602686518664492,0.84251832315301,1.10219471745092
"287",0.609598953098962,0.845084818670489,1.11470426257903
"288",0.615969321250652,0.845595519289889,1.12490348875609
"289",0.621975407217897,0.844113110004885,1.13279865293754
"290",0.627827564332317,0.840705730629478,1.13842758838584
"291",0.633736145925533,0.835441520977666,1.14182812836347
"292",0.639911505329162,0.82838862086345,1.14303810613289
"293",0.646563995874824,0.819615170100828,1.14209535495657
"294",0.653903970894139,0.8091893085038,1.13903770809698
"295",0.662126988842191,0.797191904349467,1.13391391601316
"296",0.671369428667936,0.783754739767331,1.12681639795048
"297",0.681752874443792,0.769022325349998,1.11784849035085
"298",0.69339891024218,0.75313917169007,1.10711352965622
"299",0.706429120135518,0.736249789380153,1.09471485230852
"300",0.720965088196228,0.718498689012849,1.08075579474968
"301",0.737128398496729,0.700030381180766,1.06533969342163
"302",0.755011602939488,0.680968328762589,1.04856077380011
"303",0.774591124747161,0.661351803781348,1.03047681749608
"304",0.795814354972449,0.641199030546157,1.0111364951543
"305",0.818628684668057,0.620528233366128,0.990588477419519
"306",0.842981504886685,0.599357636550376,0.968881434936503
"307",0.868820206681036,0.577705464408014,0.946064038350011
"308",0.896092181103815,0.555589941248153,0.922184958304799
"309",0.924744380528992,0.533021763145986,0.897293259755603
"310",0.954722002615632,0.509981513241005,0.871439584897046
"311",0.985969806344064,0.486442246438783,0.84467497023373
"312",1.01843255069462,0.462377017644891,0.817050452270251
"313",1.05205499464764,0.437758881764899,0.788617067511208
"314",1.08678189718345,0.41256089370438,0.759425852461201
"315",1.12255801728238,0.386756108368902,0.729527843624827
"316",1.1592964081366,0.360312573230943,0.698966785050145
"317",1.19678329978561,0.333178306030583,0.667757250959029
"318",1.23477321648073,0.305296317074808,0.635906523116814
"319",1.27302068247331,0.276609616670607,0.603421883288836
"320",1.31128022201466,0.247061215124962,0.570310613240427
"321",1.34930635935613,0.216594122744862,0.536579994736925
"322",1.38685361874904,0.185151349837291,0.502237309543661
"323",1.42369298866062,0.152699269625196,0.467294965135062
"324",1.45966131442164,0.119297706995371,0.431785871821933
"325",1.49461190557878,0.085029849750569,0.395748065624165
"326",1.52839807167872,0.0499788856935465,0.359219582561658
"327",1.56087312226813,0.0142280026270562,0.322238458654304
"328",1.59189036689369,-0.0221396116461499,0.284842729921996
"329",1.62130311510206,-0.0590407693233134,0.247070432384634
"330",1.64898908068408,-0.0963807088356355,0.208985349728674
"331",1.67492359440715,-0.134018373550114,0.170754256306843
"332",1.69910639128284,-0.171801133067708,0.132569674138423
"333",1.7215372063227,-0.209576356989365,0.0946241252427062
"334",1.7422157745383,-0.247191414916042,0.0571101316389782
"335",1.76114183094119,-0.284493676448694,0.0202202153465243
"336",1.77831511054295,-0.321330511188271,-0.0158531016153638
"337",1.79373422972213,-0.357557699323662,-0.0509251146980038
"338",1.80739333032533,-0.393064663395473,-0.0848423892351104
"339",1.81928543556614,-0.427749236532249,-0.117459308031005
"340",1.82940356865817,-0.461509251862535,-0.14863025389001
"341",1.837740752815,-0.494242542514868,-0.17820960961644
"342",1.84429001125024,-0.525846941617796,-0.20605175801462
"343",1.84904436717748,-0.556220282299857,-0.232011081888865
"344",1.85198727125225,-0.585272228161709,-0.255978491477338
"345",1.85306388389776,-0.612959764692465,-0.277991006753566
"346",1.85220979297919,-0.639251707853349,-0.298122175124912
"347",1.84936058636167,-0.66411687360559,-0.316445543998746
"348",1.84445185191036,-0.687524077910409,-0.333034660782431
"349",1.83741917749041,-0.709442136729036,-0.347963072883335
"350",1.82819815096698,-0.729839866022697,-0.361304327708825
"351",1.8167402379677,-0.748677875696694,-0.373135667177116
"352",1.8030604151701,-0.765883951432646,-0.383549111249829
"353",1.78718953701424,-0.78137767285625,-0.392640374399431
"354",1.76915845794013,-0.795078619593202,-0.400505171098391
"355",1.7489980323878,-0.806906371269199,-0.407239215819178
"356",1.72673911479728,-0.816780507509936,-0.41293822303426
"357",1.7024125596086,-0.824620607941111,-0.417697907216108
"358",1.67607955907752,-0.83036237927179,-0.421601647930384
"359",1.64792265672268,-0.834006036544515,-0.424683485115541
"360",1.61815473387844,-0.835567921885202,-0.426965123803226
"361",1.58698867187919,-0.835064377419763,-0.428468269025084
"362",1.55463735205929,-0.832511745274112,-0.429214625812764
"363",1.52131365575311,-0.827926367574162,-0.429225899197911
"364",1.48723046429502,-0.821324586445827,-0.428523794212174
"365",1.45257259383289,-0.812732458422834,-0.427129569808885
"366",1.41741259976859,-0.802214897670167,-0.425062700628128
"367",1.38179497231746,-0.789846532760625,-0.422342215231672
"368",1.34576420169486,-0.775701992267005,-0.418987142181289
"369",1.30936477811616,-0.759855904762106,-0.415016510038747
"370",1.27264119179672,-0.742382898818727,-0.410449347365817
"371",1.23563793295188,-0.723357603009664,-0.405304682724269
"372",1.19839333978508,-0.70284753758425,-0.399590050453651
"373",1.16092114245208,-0.680891789497955,-0.393267008004625
"374",1.1232289190967,-0.657522337382778,-0.386285618605632
"375",1.08532424786275,-0.632771159870724,-0.378595945485112
"376",1.04721470689407,-0.606670235593794,-0.370148051871506
"377",1.00890787433447,-0.579251543183987,-0.360892000993253
"378",0.970411328327784,-0.550547061273311,-0.350777856078795
"379",0.931740059784371,-0.520580147618084,-0.339743061718843
"380",0.892938710680752,-0.489339676471927,-0.327674587953194
"381",0.854059335759986,-0.456805901212775,-0.314446786183917
"382",0.815153989765126,-0.422959075218563,-0.299934007813078
"383",0.776274727439237,-0.387779451867232,-0.284010604242747
"384",0.737473603525372,-0.351247284536716,-0.26655092687499
"385",0.698802672766594,-0.313342826604956,-0.247429327111879
"386",0.660300725576467,-0.274093183578138,-0.226548719124311
"387",0.62195349505059,-0.233712869475446,-0.203926268158514
"388",0.583733449955075,-0.19246325044432,-0.179607702229551
"389",0.545613059056028,-0.150605692632192,-0.15363874935248
"390",0.507564791119561,-0.108401562186503,-0.126065137542365
"391",0.469561114911782,-0.0661122252546865,-0.0969325948142651
"392",0.431574499198797,-0.0239990479841766,-0.0662868491832384
"393",0.393606195828686,0.0176927128931796,-0.0341780684007458
"394",0.355772588977386,0.0587822383079188,-0.000674179163825784
"395",0.318218845902809,0.0991048186061624,0.0341524520940792
"396",0.281090133862861,0.138495744134041,0.0702294589395345
"397",0.244531620115453,0.176790305237675,0.107484474939098
"398",0.208688471918492,0.213823792263193,0.145845133659332
"399",0.173705856529884,0.249431495556724,0.1852390686668
"400",0.139722754105106,0.283482390510044,0.225578152857228
"401",0.106853396389891,0.315980192697564,0.266711216443016
"402",0.0752058280275449,0.346962302739342,0.308471328965723
"403",0.0448880936613661,0.376466121255441,0.350691559966915
"404",0.016008237934655,0.404529048865926,0.393204978988159
"405",-0.0113256945092836,0.431188486190854,0.435844655571014
"406",-0.0370056590271513,0.456481833850292,0.478443659257048
"407",-0.0609509457405272,0.480433011279712,0.520828925419141
"408",-0.0831901838305282,0.503012013176257,0.562802852755463
"409",-0.103779337243154,0.52417535305248,0.604161705795501
"410",-0.122774369924402,0.543879544420934,0.64470174906874
"411",-0.140231245820273,0.562081100794175,0.68421924710467
"412",-0.156205928876764,0.578736535684756,0.722510464432774
"413",-0.170754383039874,0.593802362605232,0.759371665582542
"414",-0.183949889580861,0.607243326139924,0.794627668787703
"415",-0.195934999072009,0.619057095160221,0.828217507098939
"416",-0.206869579410863,0.62924956960928,0.86010876727118
"417",-0.216913498494963,0.637826649430256,0.89026903605935
"418",-0.226226624221854,0.644794234566308,0.918665900218376
"419",-0.234968824489079,0.65015822496059,0.945266946503187
"420",-0.24329996719418,0.65392452055626,0.970039761668705
"421",-0.251361733809946,0.656116821726425,0.992943370462844
"422",-0.259223060110137,0.656830030563997,1.01390254960544
"423",-0.266934695443763,0.656176849591841,1.03283351380933
"424",-0.27454738915983,0.654269981332822,1.04965247778734
"425",-0.282111890607345,0.651222128309802,1.06427565625228
"426",-0.289678949135316,0.647145993045646,1.076619263917
"427",-0.29729931409275,0.642154278063219,1.08659951549431
"428",-0.305002513564406,0.636344671688148,1.09414039122311
"429",-0.312733190578047,0.629754805457128,1.09919693344652
"430",-0.320414766897191,0.622407296709613,1.10173195003375
"431",-0.327970664285354,0.61432476278506,1.10170824885398
"432",-0.335324304506052,0.605529821022928,1.09908863777641
"433",-0.3423991093228,0.596045088762673,1.09383592467023
"434",-0.349118500499116,0.585893183343751,1.08591291740465
"435",-0.355407151177233,0.575104070799845,1.07531647544555
"436",-0.361194740014262,0.563737111941528,1.06217966464565
"437",-0.366412197046029,0.551859016273601,1.04666960245439
"438",-0.370990452308362,0.539536493300864,1.02895340632117
"439",-0.374860435837089,0.526836252528118,1.00919819369543
"440",-0.377953077668038,0.51382500346016,0.987571082026577
"441",-0.380199307837036,0.500569455601791,0.964239188764044
"442",-0.381551094265363,0.487132745037887,0.939371214646023
"443",-0.382044556416106,0.473563714173619,0.91314219356579
"444",-0.381736851637805,0.45990763199424,0.885728742705399
"445",-0.380685137278999,0.446209767484997,0.857307479246896
"446",-0.378946570688228,0.432515389631139,0.828055020372332
"447",-0.376578309214032,0.418869767417917,0.79814798326376
"448",-0.37363751020495,0.405318169830579,0.767762985103225
"449",-0.37019243114893,0.391909442831182,0.73706322423971
"450",-0.366355730091562,0.378706740289014,0.706158223689913
"451",-0.362251165217842,0.365776793050168,0.675144087637457
"452",-0.358002494712768,0.353186331960742,0.644116920265974
"453",-0.353733476761338,0.341002087866829,0.613172825759088
"454",-0.349567869548549,0.329290791614525,0.582407908300428
"455",-0.345629431259399,0.318119174049924,0.551918272073618
"456",-0.342028104225836,0.307552436062653,0.521795281932818
"457",-0.338818567367607,0.297649658716459,0.492111345414301
"458",-0.336041683751409,0.288468393118617,0.462934130724866
"459",-0.333738316443941,0.280066190376407,0.434331306071321
"460",-0.3319493285119,0.272500601597106,0.406370539660465
"461",-0.330715583021983,0.265829177887991,0.379119499699103
"462",-0.330077943040888,0.26010947035634,0.352645854394038
"463",-0.330061424706496,0.255389011086044,0.3270309405319
"464",-0.330627656441417,0.25167525606745,0.302410769218649
"465",-0.331722419739446,0.248965642267517,0.278935020140066
"466",-0.333291496094374,0.247257606653205,0.256753372981941
"467",-0.335280666999996,0.246548586191475,0.236015507430059
"468",-0.337635713950105,0.246836017849286,0.216871103170203
"469",-0.340302418438495,0.248117338593599,0.199469839888162
"470",-0.343198965033099,0.250383699838174,0.183952814120648
"471",-0.346133150598402,0.253601110783973,0.170426789808095
"472",-0.34888517507303,0.257729295078758,0.15898994774186
"473",-0.35123523839561,0.262727976370292,0.149740468713305
"474",-0.352963540504767,0.268556878306336,0.142776533513789
"475",-0.353850281339126,0.275175724534654,0.138196322934671
"476",-0.353675660837314,0.282544238703007,0.136098017767313
"477",-0.352232597531611,0.290617098803528,0.136568313226075
"478",-0.349364884328918,0.299328800205824,0.139647962217331
"479",-0.344929032729792,0.308608792623872,0.145366232070454
"480",-0.33878155423479,0.318386525771651,0.15375239011482
"481",-0.330778960344469,0.328591449363136,0.164835703679801
"482",-0.320777762559385,0.339153013112306,0.178645440094774
"483",-0.308634472380094,0.350000666733139,0.195210866689112
"484",-0.29423547552651,0.361059389326798,0.214542189136351
"485",-0.277586654595969,0.372236277543209,0.236573366486681
"486",-0.258723766405169,0.38343395741948,0.261219296134446
"487",-0.237682567770801,0.394555054992722,0.288394875474
"488",-0.214498815509561,0.405502196300047,0.318015001899687
"489",-0.189208266438144,0.416178007378564,0.349994572805859
"490",-0.161846677373242,0.426485114265386,0.384248485586866
"491",-0.132454454187875,0.436338786871789,0.420692526597536
"492",-0.101090598980351,0.44570487060572,0.459246038034636
"493",-0.0678187629053084,0.454561854749289,0.499829251055405
"494",-0.0327025971173798,0.462888228584612,0.542362396817093
"495",0.00419424722880248,0.470662481393799,0.586765706476945
"496",0.0428081189786001,0.477863102458963,0.632959411192203
"497",0.0830753669773828,0.484468581062217,0.680863742120116
"498",0.124922469326571,0.490455324578675,0.730396728936841
"499",0.168236421151827,0.495791412755453,0.781467595394207
"500",0.212894346834873,0.500442843432669,0.833983363762959
"501",0.258773370757425,0.504375614450442,0.887851056313838
"502",0.305750617301202,0.507555723648888,0.942977695317584
"503",0.353703210847924,0.509949168868126,0.999270303044942
"504",0.40250206047616,0.511531548576855,1.05659930783968
"505",0.451993214051877,0.512316863758096,1.11468876233769
"506",0.502016504137894,0.512328716023452,1.17322612524788
"507",0.552411763297015,0.511590706984524,1.23189885527916
"508",0.603018824092061,0.510126438252916,1.29039441114044
"509",0.653677519085848,0.507959511440229,1.34840025154064
"510",0.704227680841189,0.505113528158066,1.40560383518866
"511",0.754507600371463,0.501610515921436,1.46169835565385
"512",0.804349402492263,0.497466205858982,1.5163999459472
"513",0.853583670469757,0.492694755002755,1.56943047394016
"514",0.902040987570106,0.487310320384804,1.62051180750416
"515",0.949551937059473,0.481327059037179,1.66936581451064
"516",0.995947102204024,0.47475912799193,1.71571436283103
"517",1.04105706626991,0.467620684281107,1.75927932033676
"518",1.08473919238849,0.459917288422007,1.79982468683813
"519",1.12695796315191,0.451620114872908,1.83728298990089
"520",1.16770464101748,0.442691741577334,1.87162888902966
"521",1.20697048844253,0.433094746478809,1.90283704372906
"522",1.24474676788439,0.422791707520859,1.9308821135037
"523",1.28102474180038,0.411745202647007,1.95573875785819
"524",1.31579567264784,0.399917809800778,1.97738163629716
"525",1.34906140283648,0.387284471164816,1.9957895384784
"526",1.38086609458563,0.373869585878239,2.01095777467241
"527",1.41126449006701,0.359709917319292,2.02288578530287
"528",1.44031133145233,0.344842228866213,2.03157301079347
"529",1.46806136091333,0.329303283897242,2.03701889156787
"530",1.49456932062171,0.313129845790619,2.03922286804976
"531",1.51988995274921,0.296358677924582,2.03818438066282
"532",1.54406908388031,0.279037407856572,2.03391864300539
"533",1.56711687825056,0.261257119860809,2.02650396137439
"534",1.5890345845083,0.243119762390711,2.01603441524142
"535",1.60982345130186,0.224727283899693,2.00260408407806
"536",1.62948472727955,0.206181632841177,1.9863070473559
"537",1.64801966108972,0.18758475766858,1.96723738454653
"538",1.66542950138067,0.169038606835319,1.94548917512153
"539",1.68171966277918,0.150647995954731,1.9211624746112
"540",1.69691222382565,0.132529209279827,1.89438124278058
"541",1.71103342903893,0.114801398223542,1.86527541545346
"542",1.72410952293786,0.0975837141988059,1.83397492845359
"543",1.73616675004129,0.0809953086185499,1.80060971760474
"544",1.74723135486807,0.0651553328957055,1.76530971873067
"545",1.75732958193703,0.0501829384432027,1.72820486765515
"546",1.7664671622304,0.0361728600178578,1.68942392116999
"547",1.77456777258386,0.0231221657520096,1.64909091993925
"548",1.78153457629651,0.0110035071218798,1.60732872559503
"549",1.7872707366674,-0.000210464396309447,1.56426019976946
"550",1.79167941699561,-0.0105470973263373,1.52000820409463
"551",1.79466378058022,-0.0200337401919795,1.47469560020266
"552",1.7961269907203,-0.0286977415170153,1.42844524972565
"553",1.79597682018137,-0.0365807136648409,1.38137352643492
"554",1.79413947959478,-0.043781324357325,1.33357085265854
"555",1.79054578905835,-0.0504125051559553,1.28512116286377
"556",1.78512656866989,-0.0565871876222174,1.2361083915179
"557",1.77781263852719,-0.062418303317599,1.18661647308818
"558",1.76853481872807,-0.068018783803587,1.13672934204191
"559",1.75722392937033,-0.0735015606416683,1.08653093284633
"560",1.74381781733121,-0.0789630803281321,1.03609986400414
"561",1.72828243660559,-0.0844338490984712,0.985493490159656
"562",1.71059076796779,-0.0899278881229817,0.934763849992618
"563",1.69071579219213,-0.0954592185719593,0.883962982182753
"564",1.66863049005293,-0.101041861615699,0.833142925409798
"565",1.64430784232449,-0.106689838424498,0.782355718353477
"566",1.61772082978113,-0.11241717016865,0.731653399693538
"567",1.58885572841638,-0.118227411594644,0.681084132287042
"568",1.55775199510063,-0.124082251753738,0.6306805757004
"569",1.52446238192347,-0.129932913273381,0.580471513677359
"570",1.4890396409745,-0.135730618781025,0.530485729961659
"571",1.45153652434331,-0.14142659090412,0.480752008297057
"572",1.41200578411951,-0.146972052270115,0.431299132427293
"573",1.37050017239269,-0.152318225506462,0.382155886096115
"574",1.32709080620003,-0.157432022059617,0.333352347486196
"575",1.28192226236902,-0.16234310865207,0.284923772535912
"576",1.23515748267472,-0.167096840825314,0.236906711622585
"577",1.18695940889222,-0.171738574120845,0.189337715123519
"578",1.13749098279657,-0.176313664080157,0.142253333416024
"579",1.08691514616284,-0.180867466244746,0.0956901168774109
"580",1.0353948407661,-0.185445336156107,0.0496846158849838
"581",0.983095400915355,-0.190077704467787,0.00427311464983894
"582",0.930191731055279,-0.194735302281551,-0.0405091672818393
"583",0.876861128164481,-0.199373935811213,-0.0846272765300858
"584",0.823280889221569,-0.203949411270592,-0.128046259714935
"585",0.769628311205144,-0.208417534873503,-0.170731163456427
"586",0.716080691093825,-0.212734112833763,-0.212647034374587
"587",0.662815325866214,-0.216854951365187,-0.253758919089453
"588",0.610002656084901,-0.220736435401768,-0.294016573641089
"589",0.557785696648407,-0.224337264758199,-0.333308591749668
"590",0.50630060603923,-0.227616717969346,-0.371508276555394
"591",0.455683542739885,-0.230534073570078,-0.408488931198458
"592",0.406070665232869,-0.233048610095262,-0.444123858819066
"593",0.357598132000688,-0.235119606079766,-0.478286362557418
"594",0.310402101525843,-0.236706340058458,-0.510849745553714
"595",0.264602542133785,-0.237787341614892,-0.541690844039533
"596",0.220254661521783,-0.238418144527363,-0.570700626611946
"597",0.177397477230042,-0.238673533622855,-0.59777359495941
"598",0.136070006798774,-0.23862829372835,-0.622804250770377
"599",0.0963112677681829,-0.23835720967083,-0.645687095733303
"600",0.0581602776784889,-0.237935066277279,-0.666316631536634
"601",0.0216560540698978,-0.237436648374679,-0.684587359868828
"602",-0.0131888092307301,-0.236924264776977,-0.700399371683203
"603",-0.0464674132499337,-0.236410320245987,-0.713675114992551
"604",-0.0782992827276057,-0.235894743530487,-0.724342627074531
"605",-0.108803942403628,-0.235377463379256,-0.732329945206798
"606",-0.138100917017893,-0.234858408541071,-0.737565106667013
"607",-0.16630973131029,-0.234337507764711,-0.739976148732832
"608",-0.193549910020708,-0.233814689798956,-0.739491108681915
"609",-0.219924449308803,-0.233285757848921,-0.736067273077545
"610",-0.245470231013279,-0.232730012945084,-0.729778925625513
"611",-0.270207608392613,-0.232122630574259,-0.720729599317233
"612",-0.294156934705279,-0.23143878622326,-0.709022827144121
"613",-0.317338563209751,-0.230653655378902,-0.694762142097592
"614",-0.339772847164505,-0.229742413528001,-0.678051077169062
"615",-0.361480139828011,-0.22868023615737,-0.658993165349948
"616",-0.382485489923926,-0.227426609410453,-0.637692298019309
"617",-0.402832728036628,-0.225878262057195,-0.614253800106789
"618",-0.422570380215677,-0.22391623352417,-0.588783354929672
"619",-0.441746972510632,-0.221421563237953,-0.561386645805243
"620",-0.46041103097105,-0.218275290625118,-0.532169356050794
"621",-0.47861108164649,-0.214358455112237,-0.50123716898361
"622",-0.496395650586513,-0.209552096125886,-0.468695767920977
"623",-0.513797496828555,-0.20375837424031,-0.434646514942412
"624",-0.530786311361569,-0.19696393462045,-0.399173487176347
"625",-0.547316018162382,-0.189176543578917,-0.362356440513455
"626",-0.563340541207823,-0.180403967428326,-0.3242751308444
"627",-0.578813804474722,-0.170653972481287,-0.285009314059846
"628",-0.593689731939909,-0.159934325050414,-0.244638746050459
"629",-0.607922247580215,-0.148252791448318,-0.203243182706902
"630",-0.621471331318085,-0.135638339615568,-0.16091380172053
"631",-0.634321186858444,-0.122204744004549,-0.117787467985415
"632",-0.646462073851838,-0.108086980695598,-0.0740124681963141
"633",-0.657884251948809,-0.0934200257690564,-0.0297370890479845
"634",-0.668577980799903,-0.0783388553052608,0.0148903827648217
"635",-0.678533520055661,-0.0629784453845543,0.0597216605473372
"636",-0.687741129366628,-0.0474737720872743,0.10460845760481
"637",-0.696177847325213,-0.0319388732882153,0.149402613762536
"638",-0.703767828291279,-0.0164040340399909,0.193956474926028
"639",-0.710422005566556,-0.000878601189668277,0.238122513520858
"640",-0.716051312452772,0.0146280784156804,0.281753201972582
"641",-0.720566682251657,0.0301066579289882,0.324701012706771
"642",-0.723879048264939,0.0455477905031863,0.366818418148992
"643",-0.725899343794348,0.060942129291206,0.40795789072481
"644",-0.726568697614478,0.0762853624630927,0.447986167222033
"645",-0.725949020391393,0.0915933182573371,0.486827041877388
"646",-0.724132418264022,0.106886859929547,0.524418573289855
"647",-0.721210997371294,0.12218685073533,0.560698820058408
"648",-0.717276863852138,0.137514153930292,0.595605840782019
"649",-0.712422123845483,0.152889632770041,0.629077694059665
"650",-0.706738883490261,0.168334150510181,0.661052438490313
"651",-0.700304748138871,0.183849444223724,0.691480513645461
"652",-0.693139319997605,0.199360746253301,0.720361882986686
"653",-0.685247700486227,0.214774162758945,0.747708890948084
"654",-0.676634991024501,0.229995799900692,0.773533881963756
"655",-0.667306293032192,0.244931763838575,0.797849200467793
"656",-0.657266707929063,0.259488160732629,0.820667190894295
"657",-0.646521337134877,0.273571096742889,0.84200019767736
"658",-0.635076723108509,0.287101506111963,0.861858664196162
"659",-0.622945172465276,0.300059635412751,0.88024542961017
"660",-0.610140432859602,0.312440559300727,0.897161432023934
"661",-0.596676251945913,0.324239352431367,0.912607609542001
"662",-0.582566377378635,0.335451089460144,0.926584900268921
"663",-0.567824556812193,0.346070845042535,0.939094242309242
"664",-0.552464537901015,0.356093693834011,0.950136573767509
"665",-0.536491233160234,0.365509097929914,0.959716074567209
"666",-0.519874214547822,0.374284069185048,0.967849891907566
"667",-0.502574218882459,0.382380006894082,0.974558414806742
"668",-0.484551982982823,0.389758310351687,0.979862032282901
"669",-0.4657682436676,0.396380378852531,0.983781133354203
"670",-0.446183737755467,0.402207611691285,0.986336107038809
"671",-0.425759202065104,0.407201408162619,0.987547342354882
"672",-0.404449924429043,0.411330105309391,0.987437176718058
"673",-0.382189396735212,0.41458979116722,0.986035741133866
"674",-0.358905661885399,0.416983491519911,0.983375115005311
"675",-0.334526762781384,0.418514232151273,0.979487377735396
"676",-0.308980742324949,0.419185038845111,0.974404608727126
"677",-0.282195643417876,0.418998937385233,0.968158887383504
"678",-0.254099508961943,0.417958953555445,0.960782293107534
"679",-0.224636167255571,0.416069663691168,0.95232148247248
"680",-0.19381258818369,0.413341846334275,0.942881420732639
"681",-0.161651527027866,0.409787830578251,0.932581650312571
"682",-0.128175739069665,0.405419945516584,0.921541713636832
"683",-0.0934079795906476,0.400250520242758,0.90988115312998
"684",-0.0573710038723872,0.394291883850261,0.897719511216573
"685",-0.0200875671964452,0.387556365432579,0.88517633032117
"686",0.0184078122636443,0.38005052778726,0.872355924981338
"687",0.0580335647664729,0.371757868528105,0.859301698186692
"688",0.0986963576786684,0.362656118972973,0.846041825039853
"689",0.140302858366845,0.352723010439731,0.832604480643449
"690",0.182759734197629,0.341936274246239,0.819017840100104
"691",0.225973652537645,0.330273641710359,0.805310078512441
"692",0.269851280753515,0.317712844149953,0.791509370983085
"693",0.314286951031156,0.304226392050488,0.777650542657794
"694",0.359125654833621,0.28976591256785,0.763795018854873
"695",0.404200048443267,0.274277812025527,0.750010874935758
"696",0.449342788142445,0.257708496747008,0.736366186261887
"697",0.494386530213507,0.240004373055782,0.722929028194695
"698",0.539163930938811,0.221111847275336,0.709767476095621
"699",0.583507646600696,0.200977325729163,0.696949605326102
"700",0.627261108425385,0.179566511233807,0.684516604288405
"701",0.670310847414551,0.156922292578045,0.672402113548109
"702",0.712554169513732,0.133106855043711,0.660512886711624
"703",0.753888380668471,0.108182383912636,0.648755677385358
"704",0.794210786824297,0.0822110644666611,0.637037239175722
"705",0.833418693926751,0.0552550819876165,0.625264325689124
"706",0.871409407921373,0.0273766217573369,0.613343690531973
"707",0.908088278550242,-0.00134672536859935,0.601188656031509
"708",0.94339283074161,-0.0307757462396392,0.588738819398294
"709",0.977268633220257,-0.0607558221314753,0.575940346563722
"710",1.00966125471098,-0.0911323343198104,0.562739403459185
"711",1.04051626393856,-0.121750664080344,0.549082156016076
"712",1.0697792296278,-0.152456192688774,0.534914770165789
"713",1.09739572050348,-0.183094301420805,0.520183411839713
"714",1.1233055081462,-0.213538350135053,0.504839523177762
"715",1.14742517555981,-0.243773613021843,0.488855651153905
"716",1.16966550860399,-0.273813342854418,0.472209618950632
"717",1.18993729313838,-0.303670792406025,0.454879249750431
"718",1.20815131502266,-0.333359214449912,0.436842366735788
"719",1.22421836011648,-0.362891861759316,0.418076793089195
"720",1.23804921427952,-0.392281987107487,0.398560351993139
"721",1.24957920186278,-0.421548007924253,0.37828261728541
"722",1.25884180118267,-0.450729000265776,0.357280165425004
"723",1.26589502904697,-0.479869204844791,0.335601323526228
"724",1.27079690226342,-0.509012862374045,0.313294418703379
"725",1.27360543763979,-0.538204213566278,0.29040777807076
"726",1.27437865198385,-0.567487499134234,0.266989728742671
"727",1.27317456210335,-0.596906959790658,0.243088597833409
"728",1.27004178893672,-0.626456462810726,0.218767970650882
"729",1.26499136994503,-0.655928381719389,0.194152465277382
"730",1.25802494672003,-0.685064716604036,0.169381957988806
"731",1.24914416085346,-0.713607467552056,0.144596325061049
"732",1.23835065393704,-0.741298634650839,0.119935442770005
"733",1.22564606756253,-0.767880217987768,0.0955391873915736
"734",1.21103204332166,-0.793094217650234,0.0715474352016494
"735",1.19452085533502,-0.816712905453257,0.0480986989734473
"736",1.17616730783856,-0.838629640122371,0.0253260374694614
"737",1.15603683759706,-0.858768052110746,0.0033611459495031
"738",1.13419488137533,-0.877051771871541,-0.017664280326609
"739",1.11070687593816,-0.893404429857925,-0.0376185460990638
"740",1.08563825805034,-0.907749656523063,-0.0563699561080473
"741",1.05905446447667,-0.920011082320122,-0.073786815093746
"742",1.03102587356683,-0.930121280322748,-0.0897622286090131
"743",1.00164263001008,-0.93804859408651,-0.104288505457358
"744",0.970999820080547,-0.94377030978746,-0.117382755254961
"745",0.939192530052383,-0.947263713601648,-0.129062087618
"746",0.906315846199725,-0.948506091705125,-0.139343612162655
"747",0.872464854796711,-0.947474730273942,-0.148244438505103
"748",0.837734642117488,-0.94414691548415,-0.155781676261521
"749",0.802237296269665,-0.938528586996183,-0.161979215700252
"750",0.766152912694741,-0.93074029840801,-0.166888069698281
"751",0.729678588667685,-0.920931256801982,-0.170566031784759
"752",0.693011421463463,-0.90925066926045,-0.173070895488835
"753",0.656348508357051,-0.895847742865769,-0.174460454339657
"754",0.619886946623416,-0.880871684700289,-0.174792501866376
"755",0.583823833537527,-0.864471701846363,-0.17412483159814
"756",0.548328190538736,-0.846811303729448,-0.172500182734148
"757",0.513456735723925,-0.828111209147425,-0.169901077153788
"758",0.479238111354368,-0.808606439241287,-0.166294982406501
"759",0.445700959691329,-0.78853201515202,-0.161649366041724
"760",0.412873922996076,-0.768122958020614,-0.155931695608896
"761",0.380785643529876,-0.747614288988058,-0.149109438657455
"762",0.349464763553994,-0.727241029195337,-0.141150062736838
"763",0.318943018723405,-0.707196502731386,-0.1320468428296
"764",0.289264518267882,-0.687507245476891,-0.121896283650741
"765",0.260476464810901,-0.668158096260482,-0.110820697348377
"766",0.232626060975941,-0.649133893910788,-0.0989423960706241
"767",0.205760509386476,-0.630419477256437,-0.0863836919655964
"768",0.179927012665989,-0.611999685126061,-0.0732668971814121
"769",0.155172773437954,-0.593859356348289,-0.0597143238661856
"770",0.13154449856685,-0.575977443112956,-0.0458449443992061
"771",0.10908691188115,-0.558309351054731,-0.0317643720844576
"772",0.0878442414503312,-0.540804599169486,-0.017574880457096
"773",0.0678607153438725,-0.523412706453099,-0.00337874305228209
"774",0.049180561631248,-0.506083191901443,0.0107217665948281
"775",0.0318480083819338,-0.488765574510393,0.0246243749490771
"776",0.0159072836654061,-0.471409373275824,0.0382268084753073
"777",0.00138150842003078,-0.453947672725939,0.0514396171212407
"778",-0.011790624940256,-0.436247819518268,0.0642246447661083
"779",-0.0236915311326317,-0.418160725842666,0.0765565587720234
"780",-0.0344036248742719,-0.399537303888992,0.0884100265010983
"781",-0.0440093208823524,-0.380228465847101,0.0997597153154448
"782",-0.0525910338740496,-0.360085123906849,0.110580292577176
"783",-0.0602311785665374,-0.338958190258098,0.120846425648402
"784",-0.0670156896303673,-0.316717850456766,0.13054507557053
"785",-0.0730445815495886,-0.293311383523027,0.13971237810214
"786",-0.0784213887616261,-0.268705341843119,0.148396762681111
"787",-0.0832496457039027,-0.242866277803283,0.156646658745314
"788",-0.0876328868138432,-0.215760743789757,0.164510495732627
"789",-0.0916746465288717,-0.187355292188779,0.172036703080925
"790",-0.0954784592864124,-0.157616475386586,0.179273710228084
"791",-0.0991285427921372,-0.12653571131858,0.186256599889959
"792",-0.102631847824706,-0.094203880116834,0.192967067894325
"793",-0.105976008431029,-0.0607367274625787,0.199373463346937
"794",-0.109148658658012,-0.0262499990370464,0.205444135353551
"795",-0.112137432552566,0.0091405594785298,0.211147433019922
"796",-0.114929964161598,0.0453192024029211,0.216451705451806
"797",-0.117513887532017,0.0821701840548864,0.221325301754958
"798",-0.11987866699668,0.119577130924453,0.225745684132028
"799",-0.122021088032246,0.157421158186666,0.229726767173245
"800",-0.123939766401321,0.195582753187827,0.233291578565734
"801",-0.125633317866513,0.233942403274242,0.23646314599662
"802",-0.12710035819043,0.272380595792204,0.239264497153027
"803",-0.128339503135678,0.31077781808802,0.241718659722079
"804",-0.129349368464865,0.349014557507989,0.2438486613909
"805",-0.130114538150052,0.386975668888805,0.245689691234295
"806",-0.130563469001114,0.424563477028725,0.247325583877784
"807",-0.13061058603738,0.461684674216385,0.248852335334568
"808",-0.130170314278179,0.498245952740432,0.250365941617848
"809",-0.12915707874284,0.53415400488951,0.251962398740822
"810",-0.127485304450692,0.569315522952264,0.253737702716692
"811",-0.125069416421064,0.60363719921734,0.255787849558659
"812",-0.121828112259012,0.637048980295095,0.258193313421673
"813",-0.117697179912506,0.669573830082772,0.260972481027689
"814",-0.112616679915243,0.701257966799331,0.264128217240411
"815",-0.10652667280092,0.73214760866373,0.267663386923544
"816",-0.0993672191032336,0.762288973894933,0.271580854940795
"817",-0.0910783793558822,0.791728280711893,0.275883486155867
"818",-0.0816002140925622,0.820511747333571,0.280574145432466
"819",-0.0709074852920707,0.848686367180699,0.285632013489666
"820",-0.0591137607136044,0.876302234481096,0.290941534468019
"821",-0.0463673095614582,0.903410218664354,0.296363468363449
"822",-0.0328164010399315,0.930061189160058,0.301758575171876
"823",-0.0186093043533194,0.956306015397802,0.306987614889223
"824",-0.00389428870591854,0.982195566807175,0.311911347511412
"825",0.0111803766979746,1.00778071281777,0.316390533034365
"826",0.0264643561440724,1.03311543141056,0.320301421845315
"827",0.0417990478781102,1.05826613477204,0.323582225896743
"828",0.0570237836358357,1.08330234364011,0.326186647532438
"829",0.0719778951529948,1.10829357875264,0.328068389096194
"830",0.0865007141653335,1.13330936084754,0.3291811529318
"831",0.100431572408599,1.15841921066268,0.329478641383048
"832",0.113609801618535,1.18369264893596,0.32891455679373
"833",0.125896487448056,1.20919080993046,0.327444696527054
"834",0.137239731218748,1.23494128201013,0.325033238023905
"835",0.147609388169367,1.26096326706412,0.321646453744584
"836",0.156975313538667,1.28727596698157,0.317250616149391
"837",0.1653073625654,1.31389858365164,0.311811997698629
"838",0.172575390488322,1.34085031896347,0.3052968708526
"839",0.178749252546187,1.36815037480621,0.297671508071605
"840",0.183828745552418,1.39578407420635,0.288895548627679
"841",0.187933432619114,1.42360122473978,0.278902099039794
"842",0.19121281843304,1.4514177551197,0.267617632638659
"843",0.193816407680963,1.47904959405932,0.25496862275498
"844",0.19589370504965,1.50631267027187,0.240881542719463
"845",0.197594215225868,1.53302291247057,0.225282865862814
"846",0.199067442896382,1.55899624936861,0.208099065515742
"847",0.200449397189882,1.58405670764184,0.189270018570768
"848",0.20182210500274,1.60806070581645,0.168789216167674
"849",0.203254097673253,1.63087276038126,0.146663553008059
"850",0.204813906539715,1.65235738782509,0.122899923793516
"851",0.206570062940421,1.67237910463674,0.0975052232256496
"852",0.208591098213666,1.69080242730504,0.0704863460060539
"853",0.210945543697746,1.70749187231879,0.0418501868363267
"854",0.213683485916151,1.72231605276128,0.0116447654885578
"855",0.216781232133151,1.73515996809368,-0.0199173979831991
"856",0.22019664479821,1.74591271437161,-0.0525826584543874
"857",0.223887586360794,1.75446338765072,-0.0860973708004613
"858",0.227811919270366,1.76070108398663,-0.120207889896871
"859",0.231927505976393,1.76451489943499,-0.154660570619068
"860",0.236192208928339,1.76579393005142,-0.189201767842506
"861",0.240580045078172,1.76445544371286,-0.22359944765743
"862",0.245129649387878,1.7605293955815,-0.257708021013305
"863",0.249895811321944,1.7540739126408,-0.291403510074396
"864",0.254933320344859,1.74514712187424,-0.324561937004965
"865",0.260296965921113,1.7338071502653,-0.357059323969281
"866",0.266041537515191,1.72011212479745,-0.388771693131598
"867",0.272221824591584,1.70412017245418,-0.419575066656185
"868",0.278887392425569,1.68589308025234,-0.449355099717806
"869",0.286066909535578,1.66550727534234,-0.478035979533225
"870",0.293783820250835,1.64304284490795,-0.505551526329711
"871",0.302061568900561,1.61857987613297,-0.531835560334524
"872",0.310923599813976,1.59219845620118,-0.556821901774932
"873",0.320393357320305,1.56397867229637,-0.580444370878201
"874",0.330494285748769,1.53400061160231,-0.602636787871596
"875",0.341235328355702,1.50232788223407,-0.623342315738521
"876",0.352567424105876,1.46895817603186,-0.642541488486918
"877",0.364427010891179,1.43387270576715,-0.660224182880874
"878",0.376750526603496,1.39705268421143,-0.67638027568447
"879",0.389474409134714,1.35847932413619,-0.69099964366179
"880",0.402535096376719,1.31813383831289,-0.704072163576918
"881",0.415869026221395,1.27599743951304,-0.715587712193934
"882",0.429417540785876,1.23206714208105,-0.725539602799577
"883",0.443141599088285,1.1864031666532,-0.733934894771204
"884",0.457007064371991,1.1390815354387,-0.740784084008824
"885",0.470979799880365,1.09017827064676,-0.746097666412449
"886",0.485025668856774,1.03976939448661,-0.749886137882087
"887",0.499110534544589,0.987930929167446,-0.752159994317751
"888",0.51320026018718,0.934738896898499,-0.752929731619449
"889",0.527258844129975,0.880282007944173,-0.752208495840989
"890",0.541242825126639,0.824699724789645,-0.750020033651358
"891",0.555106877032892,0.768144197975306,-0.74639074187334
"892",0.568805673704457,0.710767578041527,-0.74134701732972
"893",0.582293888997058,0.652722015528685,-0.73491525684328
"894",0.595526196766416,0.594159660977157,-0.727121857236805
"895",0.608457270868255,0.535232664927315,-0.717993215333077
"896",0.621029196006591,0.476093454704893,-0.707567231008743
"897",0.633133700278632,0.41689556477699,-0.695927816355888
"898",0.644649922629879,0.357792806396056,-0.683170386520458
"899",0.655457002005835,0.29893899081454,-0.669390356648401
"900",0.665434077352002,0.240487929284886,-0.65468314188566
"901",0.674460287613882,0.182593433059557,-0.639144157378186
"902",0.682414771736977,0.125409313390996,-0.622868818271924
"903",0.689180249780209,0.0690860188920168,-0.605949712294576
"904",0.694653766256179,0.0137605476168859,-0.588468117500866
"905",0.698735946790911,-0.0404334650197717,-0.570502484527271
"906",0.701327417010424,-0.0933623836033134,-0.552131264010274
"907",0.70232880254074,-0.144892572719114,-0.533432906586352
"908",0.701640729007881,-0.194890396952544,-0.514485862891985
"909",0.699163822037869,-0.243222220888977,-0.49536858356365
"910",0.694802869376006,-0.289778829829981,-0.476152536978681
"911",0.688479307244723,-0.33454869194197,-0.456881262477808
"912",0.68011873398573,-0.377544696107564,-0.437591317142614
"913",0.669646747940738,-0.418779731209382,-0.418319258054684
"914",0.656988947451459,-0.458266686130046,-0.399101642295598
"915",0.642070930859604,-0.496018449752167,-0.379975026946945
"916",0.624818296506886,-0.532047910958368,-0.360975969090304
"917",0.605196540779591,-0.566388201925641,-0.342148945637637
"918",0.583330752242318,-0.599153428008472,-0.323570112822417
"919",0.559385917504239,-0.630477937855724,-0.305323546708491
"920",0.533527023174536,-0.660496080116251,-0.287493323359714
"921",0.50591905586238,-0.689342203438917,-0.270163518839932
"922",0.476727002176946,-0.71715065647258,-0.253418209212997
"923",0.446115848727411,-0.744055787866101,-0.237341470542758
"924",0.414248467260461,-0.770172211695512,-0.222001908123439
"925",0.381279270072858,-0.795535603745514,-0.207406244170773
"926",0.34736055459887,-0.820161905227986,-0.193545730130863
"927",0.312644618272767,-0.844067057354805,-0.180411617449813
"928",0.277283758528819,-0.867267001337848,-0.16799515757373
"929",0.241430272801295,-0.889777678388992,-0.156287601948715
"930",0.205236458524471,-0.91161502972011,-0.145280202020878
"931",0.168846261391382,-0.932785444726938,-0.134977284611396
"932",0.132370220130125,-0.953257105540644,-0.125435478041752
"933",0.0959105217275675,-0.972988642476253,-0.116724486008503
"934",0.0595693531705693,-0.991938685848793,-0.108914012208205
"935",0.0234489014460043,-1.01006586597329,-0.102073760337417
"936",-0.0123486464592663,-1.02732881316476,-0.0962734340926959
"937",-0.0477211035583774,-1.04368615773823,-0.0915827371705984
"938",-0.0825759236799571,-1.05910767023709,-0.0880519261356994
"939",-0.116859123914612,-1.07360768211814,-0.0856534690246438
"940",-0.150526362168431,-1.08721166506653,-0.0843403867420951
"941",-0.183533296347515,-1.09994509076741,-0.0840657001927156
"942",-0.215835584357959,-1.11183343090595,-0.0847824302811682
"943",-0.24738888410586,-1.12290215716729,-0.0864435979121157
"944",-0.278148853497318,-1.13317674123659,-0.0890022239902211
"945",-0.308073791202027,-1.14265417584962,-0.0923941012042122
"946",-0.337132558944105,-1.1512175379446,-0.0964861093790791
"947",-0.365296659211272,-1.15872142551036,-0.101127900123877
"948",-0.392537594491248,-1.16502043653572,-0.106169125047662
"949",-0.418826867271756,-1.16996916900953,-0.11145943575949
"950",-0.44413598004051,-1.17342222092061,-0.116848483868415
"951",-0.468436435285231,-1.17523419025778,-0.122185920983493
"952",-0.491707729173581,-1.17526636545176,-0.127332776013917
"953",-0.51396133259298,-1.17340679670067,-0.132195587069431
"954",-0.535216710110791,-1.16955022464453,-0.136692269559916
"955",-0.555493326294371,-1.16359138992335,-0.140740738895252
"956",-0.574810645711084,-1.15542503317713,-0.14425891048532
"957",-0.593188132928291,-1.14494589504588,-0.147164699740002
"958",-0.610645252513352,-1.13204871616962,-0.149376022069179
"959",-0.62720179051706,-1.11666276432722,-0.150816204508463
"960",-0.64287881892392,-1.09885541585305,-0.151430220596392
"961",-0.657697731201871,-1.07872857422036,-0.151168455497235
"962",-0.671679920818851,-1.05638414290238,-0.149981294375264
"963",-0.684846781242797,-1.03192402537237,-0.147819122394746
"964",-0.697219705941649,-1.00545012510356,-0.144632324719951
"965",-0.70882008838334,-0.977064345569207,-0.14037128651515
"966",-0.719672003650037,-0.946849026074357,-0.13500398600095
"967",-0.729810253280809,-0.914808249251327,-0.128568773623313
"968",-0.739272320428953,-0.880926533564246,-0.121121592884539
"969",-0.748095688247766,-0.845188397477237,-0.112718387286927
"970",-0.756317839890541,-0.807578359454439,-0.103415100332778
"971",-0.763976258510577,-0.768080937959974,-0.0932676755243922
"972",-0.77110842726117,-0.726680651457971,-0.0823320563640694
"973",-0.77773639366593,-0.683362439971608,-0.0706756682901696
"974",-0.783820462729728,-0.638112929760298,-0.0584118644853023
"975",-0.789305503827751,-0.590919168642492,-0.0456654800681348
"976",-0.794136386335183,-0.541768204436647,-0.0325613501573353
"977",-0.798257979627211,-0.49064708496122,-0.0192243098715724
"978",-0.80161515307902,-0.437542858034662,-0.00577919432951274
"979",-0.804152776065797,-0.382442571475441,0.00764916135017216
"980",-0.805834891451052,-0.325342750281568,0.0209520602139077
"981",-0.806702236051606,-0.26627782816929,0.0340853579684868
"982",-0.806814720172602,-0.205291716034415,0.0470210484857947
"983",-0.806232254119186,-0.142428324772743,0.0597311256377178
"984",-0.805014748196503,-0.0777315652800934,0.0721875832961386
"985",-0.803222112709698,-0.0112453484522675,0.0843624153329436
"986",-0.800914257963915,0.0569864148149281,0.0962276156200181
"987",-0.798161021368242,0.126903234739384,0.107766313758889
"988",-0.795071948747536,0.198378305993787,0.119006182269651
"989",-0.791766513030599,0.271268244364499,0.129986029402039
"990",-0.788364187146229,0.345429665637905,0.140744663405789
"991",-0.784984444023227,0.420719185600382,0.151320892530637
"992",-0.781746756590393,0.496993420038306,0.161753525026319
"993",-0.778770597776527,0.574108984738063,0.172081369142572
"994",-0.776146900937422,0.651925570530707,0.182335189410304
"995",-0.773852441136847,0.73031516842609,0.192513575485117
"996",-0.771835453865563,0.809152844478751,0.20260707330379
"997",-0.770044174614331,0.888313664743228,0.212606228803098
"998",-0.768426838873914,0.967672695274068,0.222501587919819
"999",-0.766931682135072,1.04710500212579,0.232283696590728
"1000",-0.765506939888567,1.12648565135295,0.241943100752602
